id;login;password;first_name;last_name;email;activated;lang_key;image_url;activation_key;reset_key;reset_date
1;"rJq3nl";tango now;Karlee;Rowe;Grayson_Koelpin@yahoo.com;false;glaring ab;easily powerful regularly;ouch;mould unless walkway;2024-07-22T19:05:43
2;"DT1M@AXKu\Zx20rAy\8mHu";duh;Harmony;Raynor;Kiarra50@hotmail.com;false;supposing ;phooey baulk;judgementally flag;huzzah;2024-07-22T10:27:56
3;"X@BuC\`al\~KRz2z\TRV";intensely;Seamus;Sauer;Barrett.Wolf98@hotmail.com;false;original;off supportive;whose trivial bonnet;mmm decent following;2024-07-22T20:55:21
4;"!+|@d8l\@4\`puVpZ\\171BI\)mbT-H";boohoo yippee;Jarvis;Langworth;Eloise_Kovacek@gmail.com;false;whenever h;likewise while;unless;feminine secrecy;2024-07-22T11:05:14
5;"&wKUS@Rl\H0";ha construe;Hilda;O'Reilly;Dereck.Quigley@gmail.com;true;unexpected;allot boo yet;hydrocarb;before;2024-07-22T03:03:46
6;"P";as devoted amidst;Ally;Toy;Dakota63@hotmail.com;true;nice besid;well as as;nor craftsman serialise;from shakedown but;2024-07-22T03:47:42
7;"&J_nq@s0i4\(1w\|vN-Cj";ravioli suddenly vanish;Aurelio;Schaden;August.Fay@gmail.com;false;regret uh-;punctually joy;academic before;retrieve rarely ick;2024-07-22T02:07:24
8;"tt";however ladle noxious;Paris;Lockman;Janie.Collins@yahoo.com;true;pro;psst brown;unlike spare mmm;soil silly;2024-07-22T15:50:06
9;"K";hearty rudely lest;Candice;Weimann;Keon_Wisoky@yahoo.com;true;though kno;handsome;midnight if;abnormally ah instead;2024-07-22T03:48:59
10;"WcXh@1XOE-\zV\Iuxb9bO\_k3NW-r\)r\=is";flavor hone generous;Deonte;Brown;Manley87@gmail.com;false;dynamite;poor whether hearty;outlive;border instead reward;2024-07-23T00:28:41
